Model,Training_Data,Test_Data,AUC,Accuracy,Precision,Recall,F1_Score
Model A,Original,Original,0.7962459990855053,0.9517286366601435,0.5384615384615384,0.09333333333333334,0.1590909090909091
Model A,Original,Synthetic,0.48901017091792737,0.942,0.0136986301369863,0.0027472527472527475,0.004576659038901602
Model B,Synthetic,Synthetic,0.4979006288344503,0.9514666666666667,0.0,0.0,0.0
Model B,Synthetic,Original,0.4313031550068587,0.9510763209393346,0.0,0.0,0.0
